Date,App_Name,Category,Minutes_Used
2026-07-15,Instagram,Social Media,90
2026-07-15,VS Code,Coding,180
2026-07-15,Chrome,Education,60
2026-07-15,YouTube,Entertainment,70
2026-07-16,Instagram,Social Media,100
2026-07-16,VS Code,Coding,170
2026-07-16,Chrome,Education,80
2026-07-16,Netflix,Entertainment,60
2026-07-17,Instagram,Social Media,95
2026-07-17,VS Code,Coding,190
2026-07-17,Chrome,Education,55
2026-07-17,YouTube,Entertainment,65
2026-07-18,Instagram,Social Media,85
2026-07-18,VS Code,Coding,175
2026-07-18,Chrome,Education,75
2026-07-18,Netflix,Entertainment,70
2026-07-19,Instagram,Social Media,110
2026-07-19,VS Code,Coding,160
2026-07-19,Chrome,Education,60
2026-07-19,YouTube,Entertainment,80
2026-07-20,Instagram,Social Media,120
2026-07-20,VS Code,Coding,150
2026-07-20,Chrome,Education,70
2026-07-20,Netflix,Entertainment,65
2026-07-21,Instagram,Social Media,90
2026-07-21,VS Code,Coding,180
2026-07-21,Chrome,Education,80
2026-07-21,YouTube,Entertainment,50
2026-07-22,Instagram,Social Media,100
2026-07-22,VS Code,Coding,170
2026-07-22,Chrome,Education,75
2026-07-22,Netflix,Entertainment,55
2026-07-23,Instagram,Social Media,105
2026-07-23,VS Code,Coding,165
2026-07-23,Chrome,Education,65   
2026-07-23,YouTube,Entertainment,60
2026-07-24,Instagram,Social Media,95
2026-07-24,VS Code,Coding,185
2026-07-24,Chrome,Education,70
2026-07-24,Netflix,Entertainment,50
2026-07-25,Instagram,Social Media,100
2026-07-25,VS Code,Coding,175
2026-07-25,Chrome,Education,80
2026-07-25,YouTube,Entertainment,55
2026-07-26,Instagram,Social Media,115
2026-07-26,VS Code,Coding,160
2026-07-26,Chrome,Education,70
2026-07-26,Netflix,Entertainment,65
2026-07-27,Instagram,Social Media,90
2026-07-27,VS Code,Coding,190
2026-07-27,Chrome,Education,60
2026-07-27,YouTube,Entertainment,70
2026-07-28,Instagram,Social Media,95
2026-07-28,VS Code,Coding,180
2026-07-28,Chrome,Education,75
2026-07-28,Netflix,Entertainment,60
